"name","lastname","age","document","city","country","language","type","origen","destino"
"Conchita","Montenegro","40","52757866079","Alcalá de Henares","Latvia","German","PERSON","Medellín","Pereira"
"Florencia","","18","9031965655","Linares","Panama","English","COMPANY","Pereira","Medellín"
"Rebeca","","18","9299512863","Gecho","Malta","Portuguese","COMPANY","Cartagena","Pereira"
"Ignacio","Badillo","70","19742285232","Cornellá de Llobregat","Oman","Hakka","PERSON","Bogotá","Cali"
"Antonia","","18","9540291135","Rivas-Vaciamadrid","Greece","Arabic","COMPANY","Medellín","Cali"
"Gerardo","Casárez","12","110000004124","Orihuela","Seychelles","Italian","PERSON","Cali","Cartagena"
"Beatriz","","18","9121245387","Gandía","Iceland","Hindi","COMPANY","Medellín","Bogotá"
"Rubén","","18","9519033627","Santander","Colombia","Español","COMPANY","Pereira","Cartagena"
"Lorena","Quiroz","10","110000003541","Viladecans","Oman","Romanian","PERSON","Pereira","Cartagena"
"Raúl","Medina","45","34012637427","Calahorra","Samoa","Javanese","PERSON","Pereira","Cartagena"
"Cristian","","18","9960657887","Ferrol","Ghana","Thai","COMPANY","Pereira","Medellín"
"José Emilio","","18","9599968436","Arrecife","Thailand","Telugu","COMPANY","Cartagena","Medellín"
"Gonzalo","","18","9709648422","Albacete","Tanzania, United Republic of","Romanian","COMPANY","Bogotá","Pereira"
"Mayte","Lomeli","59","65221296123","Arrecife","Kuwait","Korean","PERSON","Cartagena","Medellín"
"Mayte","Urías","62","45921913437","Motril","Saint Kitts and Nevis","Telugu","PERSON","Cali","Bogotá"
"Ariadna","Segovia","64","98277109738","Málaga","Afghanistan","Hakka","PERSON","Bogotá","Medellín"
"Antonia","Cervántez","14","110000001727","Calahorra","Chile","Tagalog","PERSON","Cartagena","Bogotá"
"María Elena","Laboy","30","93477648098","Viladecans","Austria","Javanese","PERSON","Bogotá","Cali"
"Amalia","Ceja","58","65527721165","Huelva","Algeria","Kazakh","PERSON","Cali","Medellín"
"Carla","Bañuelos","18","20209649470","Cerdañola del Vallés","Nicaragua","Tagalog","PERSON","Medellín","Pereira"
"Luz","","18","9381642817","Collado Villalba","Marshall Islands","Nepali","COMPANY","Bogotá","Cali"
"Florencia","Ledesma","46","33690682667","Sanlúcar de Barrameda","Zambia","Thai","PERSON","Medellín","Pereira"
"Martín","","18","9319833160","La Coruña","Cuba","Arabic","COMPANY","Bogotá","Cali"
"María Teresa","","18","9401043021","Tarragona","Niger","Nepali","COMPANY","Cartagena","Cali"
"Hernán","","18","9600702582","Orihuela","Central African Republic","Kazakh","COMPANY","Bogotá","Medellín"
"Cristina","","18","9492651618","Granada","Japan","Italian","COMPANY","Pereira","Cali"
"Felipe","Benavides","13","110000007447","Santa Coloma de Gramanet","Uganda","Russian","PERSON","Bogotá","Cartagena"
"Raúl","","18","9758758724","San Fernando","Ecuador","Nepali","COMPANY","Medellín","Cali"
"Ester","Valladares","18","35522739118","Ponferrada","Barbados","Telugu","PERSON","Bogotá","Cartagena"
"Lilia","","18","9218499990","Elche","Tonga","Japanese","COMPANY","Pereira","Bogotá"
"Patricio","Monroy","61","95058015503","Santiago de Compostela","Belarus","Italian","PERSON","Bogotá","Cartagena"
"Nicolás","Flores","23","46641082215","Cáceres","Serbia","Italian","PERSON","Pereira","Cartagena"
"Alberto","","18","9137571954","Cartagena","Burkina Faso","Hindi","COMPANY","Bogotá","Medellín"
"Agustín","","18","9431082012","Viladecans","Costa Rica","Javanese","COMPANY","Cartagena","Cali"
"Eloisa","Valdivia","65","67955767850","León","Netherlands","Swedish","PERSON","Medellín","Bogotá"
"María del Carmen","","18","9613403081","Móstoles","Australia","Nepali","COMPANY","Cali","Pereira"
"Carolina","","18","9329540339","Mérida","Congo, Democratic Republic of the","Kazakh","COMPANY","Pereira","Cali"
"Blanca","Menéndez","70","98626367323","Rivas-Vaciamadrid","Grenada","Javanese","PERSON","Bogotá","Cartagena"
"Victoria","Arroyo","68","55336398416","Telde","Tonga","Zulu","PERSON","Medellín","Pereira"
"Francisca","","18","9677976063","Cuenta","Barbados","Hindi","COMPANY","Pereira","Cali"
"Carla","Alonzo","18","25580048546","Valencia","Malaysia","Dutch","PERSON","Cartagena","Medellín"
"Gabriel","","18","9272126793","Ávila","Portugal","Zulu","COMPANY","Cartagena","Cali"
"Cecilia","Arevalo","34","28334274232","Lugo","Djibouti","Nepali","PERSON","Bogotá","Pereira"
"Claudio","Trejo","75","25365876625","Cádiz","Germany","Nepali","PERSON","Bogotá","Pereira"
"María Teresa","Zepeda","14","110000007383","La Línea de la Concepción","Dominican Republic","Kazakh","PERSON","Cali","Bogotá"
"Carlos","","18","9549127052","Santa Lucía de Tirajana","Bhutan","Marathi","COMPANY","Cali","Cartagena"
"Ramiro","","18","9395157141","Sevilla","Finland","Arabic","COMPANY","Bogotá","Pereira"
"Timoteo","Altamirano","69","19804329916","Sagunto","Azerbaijan","Swedish","PERSON","Pereira","Medellín"
"Agustín","Cervantes","22","96878336931","Sanlúcar de Barrameda","Tonga","Japanese","PERSON","Cali","Cartagena"
"Lorena","","18","9712049968","Getafe","Montenegro","Thai","COMPANY","Cartagena","Bogotá"
"Olivia","","18","9613810448","Inca","France","Japanese","COMPANY","Cartagena","Pereira"
"Patricia","Valadez","14","110000002525","Tarragona","Malawi","Nepali","PERSON","Medellín","Cartagena"
"Guillermina","Uribe","39","64044260868","Cuenta","Ghana","Thai","PERSON","Pereira","Medellín"
"Daniel","Montenegro","53","83167272599","Segovia","Switzerland","Marathi","PERSON","Cartagena","Medellín"
"María Teresa","Archuleta","61","5602748543","Jaén","United Kingdom of Great Britain and Northern Ireland","Javanese","PERSON","Cartagena","Cali"
"Manuela","Granado","13","110000003389","Vigo","Solomon Islands","Arabic","PERSON","Medellín","Cali"
"Silvia","","18","9831316475","Jaén","Kuwait","Arabic","COMPANY","Pereira","Medellín"
"Francisco","","18","9465428077","Palma de Mallorca","Nauru","French","COMPANY","Medellín","Pereira"
"Leonor","","18","9475115010","Madrid","Uganda","Tagalog","COMPANY","Cali","Bogotá"
"Laura","Tirado","60","55134416040","Ávila","Djibouti","Kazakh","PERSON","Medellín","Cali"
"José","","18","9441362613","Cádiz","Belarus","French","COMPANY","Pereira","Cartagena"
"Julia","Flórez","19","3885864351","Sabadell","Venezuela (Bolivarian Republic of)","Portuguese","PERSON","Pereira","Medellín"
"Maricarmen","Patiño","71","73602674137","Pamplona","Gambia","Zulu","PERSON","Medellín","Cali"
"Lourdes","","18","9798927801","Tarrasa","Rwanda","Telugu","COMPANY","Cali","Cartagena"
"Ramona","Rodarte","35","70229573977","Santa Cruz de Tenerife","Uruguay","Hakka","PERSON","Bogotá","Medellín"
"Antonio","","18","9144058587","Almería","Chad","Hakka","COMPANY","Medellín","Cartagena"
"José María","","18","9631743639","Elche","Bangladesh","Hindi","COMPANY","Cartagena","Bogotá"
"Octavio","Agosto","32","93515318289","Arrecife","Mongolia","French","PERSON","Cali","Bogotá"
"Yolanda","","18","9256906317","Viladecans","Iraq","Zulu","COMPANY","Cartagena","Pereira"
"Jacobo","Arias","13","110000002740","Guadalajara","United Kingdom of Great Britain and Northern Ireland","Arabic","PERSON","Bogotá","Medellín"
"Andrea","","18","9910723063","Segovia","Canada","Swedish","COMPANY","Pereira","Cali"
"Salvador","","18","9498168408","Collado Villalba","Eswatini","Portuguese","COMPANY","Cali","Medellín"
"Marco Antonio","","18","9843716246","Zamora","Lao People's Democratic Republic","Hindi","COMPANY","Medellín","Cali"
"Fernando","","18","9334278754","Tarragona","Poland","English","COMPANY","Cartagena","Medellín"
"Luisa","Paz","33","97750908237","León","Papua New Guinea","Korean","PERSON","Cali","Pereira"
"Gregorio","Correa","50","74693125449","Elche","Honduras","Dutch","PERSON","Bogotá","Cartagena"
"Emilio","","18","9396597966","Toledo","Malta","Thai","COMPANY","Medellín","Pereira"
"Daniel","","18","9182240656","Dos Hermanas","Bolivia (Plurinational State of)","Dutch","COMPANY","Pereira","Cali"
"Jorge Luis","Ramos","40","80199258340","Burgos","Haiti","English","PERSON","Medellín","Bogotá"
"Adán","","18","9055066755","Santa Cruz de Tenerife","Liechtenstein","Japanese","COMPANY","Cali","Medellín"
"Marilu","","18","9881602046","Madrid","Belarus","English","COMPANY","Pereira","Medellín"
"Benjamín","Botello","39","27692233082","Santander","Monaco","English","PERSON","Cartagena","Cali"
"Susana","Quintero","36","47652214240","Logroño","Syrian Arab Republic","Portuguese","PERSON","Cali","Bogotá"
"Mayte","","18","9225193263","Vitoria","Switzerland","Italian","COMPANY","Cali","Medellín"
"Conchita","","18","9048993883","El Ejido","Maldives","German","COMPANY","Medellín","Cartagena"
"Sara","","18","9417826449","Ferrol","Solomon Islands","Javanese","COMPANY","Bogotá","Medellín"
"Andrés","Salgado","12","110000007906","Valencia","Botswana","Portuguese","PERSON","Pereira","Cali"
"Alberto","Saldivar","69","22212527448","Puertollano","Sao Tome and Principe","Thai","PERSON","Bogotá","Medellín"
"Lourdes","Tejada","72","24058663284","Torremolinos","Cameroon","Zulu","PERSON","Bogotá","Pereira"
"Joaquín","Flores","12","110000008759","Toledo","Australia","Japanese","PERSON","Pereira","Medellín"
"Juan Carlos","","18","9456201569","Cáceres","Armenia","Swedish","COMPANY","Medellín","Pereira"
"Eloisa","","18","9252150013","Barcelona","Ecuador","Kazakh","COMPANY","Cali","Bogotá"
"Margarita","Armas","11","110000009572","Ferrol","Uruguay","Russian","PERSON","Pereira","Cartagena"
"Sancho","","18","9964451971","San Sebastián","Kenya","English","COMPANY","Cartagena","Bogotá"
"Rafael","","18","9663755277","Dos Hermanas","Guinea","Romanian","COMPANY","Bogotá","Cali"
"Claudio","","18","9214435584","Palma de Mallorca","Solomon Islands","Dutch","COMPANY","Cartagena","Bogotá"
"Gerardo","Ramírez","46","41608540168","Móstoles","Guyana","Javanese","PERSON","Pereira","Medellín"
"Ester","","18","9088394929","Barcelona","Belgium","Marathi","COMPANY","Pereira","Bogotá"
"Maricarmen","","18","9450813581","Santa Coloma de Gramanet","Libya","Swedish","COMPANY","Pereira","Cartagena"
"Luis","Rolón","50","63063749953","El Prat de LLobregat","Bolivia (Plurinational State of)","Telugu","PERSON","Bogotá","Medellín"
"Víctor","","18","9865537259","Elda","Seychelles","German","COMPANY","Pereira","Cali"
"Josefina","","18","9317097733","Salamanca","Cambodia","Telugu","COMPANY","Cali","Cartagena"
"Ana Luisa","Burgos","39","34929504864","Ceuta","Nigeria","Zulu","PERSON","Cali","Cartagena"
"Eva","","18","9644756877","Palencia","Sudan","Korean","COMPANY","Cali","Bogotá"
"Teodoro","Sepúlveda","51","20151134758","Calahorra","Burkina Faso","Zulu","PERSON","Cali","Pereira"
"Alicia","","18","9644088922","Gijón","Latvia","Dutch","COMPANY","Cartagena","Pereira"
"Ernesto","Reyes","21","20890081021","Castellón de la Plana","Nicaragua","Hindi","PERSON","Cali","Medellín"
"Luisa","","18","9816006213","Cerdañola del Vallés","Costa Rica","Italian","COMPANY","Medellín","Pereira"
"Guadalupe","","18","9476508089","Huelva","United Arab Emirates","Hindi","COMPANY","Bogotá","Cali"
"Germán","","18","9336879795","Hospitalet de LLobregat","Ecuador","Italian","COMPANY","Cartagena","Bogotá"
"Amalia","","18","9578897906","El Puerto de Santa María","Grenada","Tagalog","COMPANY","Medellín","Cali"
"Blanca","Robledo","49","834141871","Santiago de Compostela","Chad","French","PERSON","Cartagena","Bogotá"
"Ramiro","Hernandes","32","84336210726","Lorca","Singapore","English","PERSON","Cartagena","Pereira"
"Esteban","Díaz","37","18390349219","Orihuela","Serbia","Romanian","PERSON","Pereira","Cartagena"
"Margarita","Piña","11","110000007479","Huelva","Bangladesh","Portuguese","PERSON","Pereira","Bogotá"
"Isabela","Bahena","56","74395072776","Alcalá de Guadaira","Marshall Islands","English","PERSON","Medellín","Cali"
"Pedro","","18","9794834304","Gandía","Andorra","Portuguese","COMPANY","Bogotá","Cali"
"Lucas","Haro","10","110000005912","Tarragona","Grenada","Romanian","PERSON","Cartagena","Medellín"
"Julio","","18","9216553159","Vigo","Fiji","French","COMPANY","Bogotá","Pereira"
"Esteban","Lozano","41","17335386092","Almería","Poland","English","PERSON","Medellín","Cartagena"
"Francisca","Deleón","45","20452293460","Santa Coloma de Gramanet","Serbia","Zulu","PERSON","Bogotá","Cartagena"
"Reina","","18","9215194813","La Coruña","Lesotho","Hakka","COMPANY","Bogotá","Pereira"
"Daniel","Soto","75","8646407201","Huelva","Equatorial Guinea","Hindi","PERSON","Cali","Medellín"
"Raúl","Mateo","11","110000008483","Santa Cruz de Tenerife","Estonia","Arabic","PERSON","Medellín","Bogotá"
"Blanca","","18","9723477723","Vitoria","Bulgaria","Japanese","COMPANY","Bogotá","Medellín"
"José Eduardo","","18","9134860893","Chiclana de la Frontera","Poland","Arabic","COMPANY","Cartagena","Medellín"
"Susana","","18","9559290140","San Sebastían de los Reyes","Congo","Korean","COMPANY","Medellín","Pereira"
"Nicolás","","18","9929367103","Huelva","Moldova, Republic of","Italian","COMPANY","Cali","Bogotá"
"Ricardo","","18","9771538457","Jaén","Chile","Javanese","COMPANY","Bogotá","Medellín"
"Manuel","","18","9417627657","Albacete","Palau","Nepali","COMPANY","Cali","Cartagena"
"Samuel","Almanza","66","99515144550","Paterna","Guyana","Japanese","PERSON","Cali","Pereira"
"Laura","","18","9374308253","Santa Coloma de Gramanet","Korea, Republic of","Nepali","COMPANY","Medellín","Cartagena"
"Isabela","","18","9195456633","Palma de Mallorca","Sao Tome and Principe","Telugu","COMPANY","Pereira","Cartagena"
"Gloria","Méndez","14","110000003460","Granada","Israel","Telugu","PERSON","Cartagena","Medellín"
"Timoteo","","18","9014122098","Estepona","Dominican Republic","Hindi","COMPANY","Cartagena","Medellín"
"Mónica","","18","9095751029","Alcobendas","Syrian Arab Republic","Telugu","COMPANY","Cali","Bogotá"
"Homero","Palacios","28","10799621836","San Cristróbal de la Laguna","Angola","English","PERSON","Pereira","Medellín"
"Lucas","","18","9296382856","Chiclana de la Frontera","Czechia","Kazakh","COMPANY","Medellín","Pereira"
"Berta","Contreras","18","88971512706","Santa Lucía de Tirajana","Comoros","Hindi","PERSON","Bogotá","Pereira"
"Laura","Arenas","65","77096523011","Gecho","Eritrea","Nepali","PERSON","Bogotá","Cartagena"
"Graciela","","18","9657555010","Collado Villalba","Jamaica","German","COMPANY","Medellín","Pereira"
"Soledad","","18","9523695167","San Sebastián","Korea, Republic of","Japanese","COMPANY","Pereira","Cartagena"
"Leticia","Dávila","37","41636290321","Orihuela","Philippines","Arabic","PERSON","Bogotá","Cali"
"Ricardo","Nieto","73","82586096053","Baracaldo","Turkey","Romanian","PERSON","Medellín","Cali"
"Daniela","","18","9506947073","Cartagena","Canada","Arabic","COMPANY","Medellín","Bogotá"
"Ángela","","18","9376719895","Burgos","Togo","Nepali","COMPANY","Pereira","Cartagena"
"Alejandro","","18","9833174301","Las Palmas de Gran Canaria","Australia","Nepali","COMPANY","Pereira","Bogotá"
"Raúl","Gonzales","76","39418265546","Torrejón de Ardoz","Barbados","Korean","PERSON","Bogotá","Cartagena"
"Eduardo","","18","9887156309","Collado Villalba","Lesotho","Tagalog","COMPANY","Cali","Cartagena"
"Carmen","","18","9192796123","Móstoles","Burkina Faso","Tagalog","COMPANY","Cartagena","Medellín"
"Mario","","18","9562933281","Getafe","Georgia","Russian","COMPANY","Bogotá","Cali"
"Esteban","","18","9504300182","Burgos","Chile","German","COMPANY","Cali","Cartagena"
"Débora","Fierro","12","110000003414","Segovia","Marshall Islands","Romanian","PERSON","Medellín","Cartagena"
"Miguel","","18","9284318518","Alicante","Tunisia","Russian","COMPANY","Cartagena","Cali"
"Esperanza","","18","9456872933","Leganés","Lesotho","Thai","COMPANY","Bogotá","Cartagena"
"Julio","Velasco","40","77845780433","Gijón","Pakistan","Portuguese","PERSON","Pereira","Bogotá"
"Hugo","","18","9918444246","Valdemoro","Colombia","Español","COMPANY","Bogotá","Medellín"
"Ramona","Cadena","50","31138230324","Cádiz","Micronesia (Federated States of)","Dutch","PERSON","Pereira","Cartagena"
"Dolores","","18","9131973173","Granada","Fiji","French","COMPANY","Bogotá","Medellín"
"Sonia","","18","9749639274","Cuenta","Chile","Javanese","COMPANY","Pereira","Bogotá"
"Pilar","","18","9536794889","Guadalajara","Latvia","Swedish","COMPANY","Cartagena","Cali"
"María Elena","","18","9218378662","Alcalá de Guadaira","Denmark","Italian","COMPANY","Cartagena","Bogotá"
"María Luisa","","18","9838828535","Gijón","Tunisia","Nepali","COMPANY","Cartagena","Medellín"
"Diana","Rosas","51","65064153772","Paterna","Bangladesh","Marathi","PERSON","Pereira","Bogotá"
"Ariadna","","18","9584168204","Toledo","Mozambique","Kazakh","COMPANY","Bogotá","Cartagena"
"Estela","","18","9266974467","Dos Hermanas","Morocco","Hindi","COMPANY","Cali","Medellín"
"Graciela","Espinosa","25","6208499047","Torrejón de Ardoz","Nigeria","Zulu","PERSON","Cali","Bogotá"
"Adela","Varela","24","49600660443","Rivas-Vaciamadrid","Paraguay","Tagalog","PERSON","Pereira","Bogotá"
"Alejandra","Menchaca","28","46490902682","Badalona","Portugal","Korean","PERSON","Medellín","Cartagena"
"Hernán","Negrón","11","110000005190","Cerdañola del Vallés","Tanzania, United Republic of","Italian","PERSON","Medellín","Pereira"
"Clemente","Irizarry","61","96418086362","Torrejón de Ardoz","Suriname","Portuguese","PERSON","Pereira","Cartagena"
"Julio César","","18","9799534708","Benalmádena","Lithuania","Dutch","COMPANY","Medellín","Bogotá"
"Julia","","18","9827451657","Collado Villalba","Andorra","Javanese","COMPANY","Bogotá","Cali"
"Anita","","18","9793145592","Guadalajara","Bhutan","Nepali","COMPANY","Bogotá","Medellín"
"Rosa","Segura","67","96564055113","Gecho","Malawi","Italian","PERSON","Cartagena","Pereira"
"Marisol","","18","9114905181","El Ejido","Singapore","German","COMPANY","Cartagena","Bogotá"
"Natalia","","18","9455449114","Torremolinos","Malta","Tagalog","COMPANY","Pereira","Medellín"
"Sergio","","18","9432621277","Hospitalet de LLobregat","New Zealand","Dutch","COMPANY","Cartagena","Cali"
"Gloria","","18","9012248703","Valladolid","Gambia","English","COMPANY","Cali","Bogotá"
"Mariana","","18","9669274709","San Sebastián","Georgia","Portuguese","COMPANY","Bogotá","Cali"
"Ana","","18","9853727951","Sabadell","Trinidad and Tobago","Nepali","COMPANY","Cartagena","Cali"
"Ernesto","Corral","78","97769500393","Leganés","Costa Rica","Romanian","PERSON","Pereira","Medellín"
"Tomás","","18","9142252335","Elda","South Sudan","Dutch","COMPANY","Medellín","Cali"
"Norma","","18","9444605223","Móstoles","Portugal","Dutch","COMPANY","Medellín","Pereira"
"Rosa","Solís","25","63423411863","Rivas-Vaciamadrid","Jordan","Telugu","PERSON","Cartagena","Pereira"
"Joaquín","Rosario","75","99361870180","Granada","Philippines","Arabic","PERSON","Bogotá","Pereira"
"Federico","Terrazas","20","21333448350","Palencia","Nauru","Marathi","PERSON","Medellín","Cartagena"
"Víctor","Adorno","24","47130140655","Marbella","Nigeria","Swedish","PERSON","Pereira","Cali"
"María del Carmen","Corral","27","2016564887","Granollers","Congo","English","PERSON","Bogotá","Cali"
"Mayte","Ibañez","44","2063526033","Paterna","Nigeria","Javanese","PERSON","Cali","Bogotá"
"Alicia","Romo","10","110000001280","Sanlúcar de Barrameda","Ghana","Arabic","PERSON","Bogotá","Cartagena"
"Isabela","Magaña","76","91656041049","Santiago de Compostela","Barbados","Telugu","PERSON","Cartagena","Pereira"
"Irene","Araña","43","41116409598","Tarrasa","Slovenia","Zulu","PERSON","Cartagena","Bogotá"
"Miguel","Candelaria","25","21661024139","Tarrasa","Estonia","Russian","PERSON","Medellín","Bogotá"
"Jorge","","18","9524800632","Sevilla","Monaco","English","COMPANY","Pereira","Bogotá"
"Germán","Casillas","77","80128585810","Burgos","Sao Tome and Principe","Nepali","PERSON","Medellín","Cali"
"Marcela","Tijerina","56","42153684405","Cornellá de Llobregat","Eswatini","Javanese","PERSON","Medellín","Pereira"
"Verónica","Garica","79","28027316748","Santa Lucía de Tirajana","Tuvalu","Portuguese","PERSON","Pereira","Cartagena"
"Víctor","Naranjo","76","9180866476","Gecho","Suriname","Swedish","PERSON","Cartagena","Medellín"
"Roberto","","18","9187278403","Valencia","Lao People's Democratic Republic","Tagalog","COMPANY","Medellín","Cartagena"
"Carmen","Sanches","67","36867596206","Collado Villalba","Czechia","German","PERSON","Medellín","Pereira"
"Dolores","Santillán","22","49657030341","El Prat de LLobregat","Palau","Zulu","PERSON","Cali","Cartagena"
"Berta","","18","9908148740","Torremolinos","Sweden","Italian","COMPANY","Bogotá","Medellín"
"Inés","de Jesús","18","23832392525","Algeciras","Cuba","Nepali","PERSON","Medellín","Cartagena"
"Dorotea","Pantoja","52","23683754400","Chiclana de la Frontera","San Marino","English","PERSON","Pereira","Cartagena"
"Teresa","","18","9229710299","Santander","Korea (Democratic People's Republic of)","French","COMPANY","Medellín","Bogotá"
"Margarita","","18","9378883429","Burgos","Ireland","Russian","COMPANY","Bogotá","Pereira"
"Isabela","Rael","48","52142919930","San Cristróbal de la Laguna","Comoros","Korean","PERSON","Cali","Medellín"
"Mariano","","18","9302681062","Fuengirola","Congo","Romanian","COMPANY","Pereira","Bogotá"
"Gustavo","","18","9012727719","Irún","Saudi Arabia","Italian","COMPANY","Cali","Medellín"
"Felipe","Padrón","47","29718902429","El Ejido","Equatorial Guinea","Tagalog","PERSON","Medellín","Cali"
"Hugo","Olivas","30","90785487431","Tarragona","South Africa","Italian","PERSON","Pereira","Cartagena"
"Fernando","Rivas","48","95757996754","Ávila","Indonesia","Arabic","PERSON","Cartagena","Pereira"
"Juana","","18","9894615660","Calahorra","Tanzania, United Republic of","Russian","COMPANY","Cartagena","Pereira"
"Teodoro","","18","9991267948","Fuenlabrada","Myanmar","Nepali","COMPANY","Bogotá","Cali"
"Juan","","18","9641914857","Dos Hermanas","Argentina","Zulu","COMPANY","Medellín","Cali"
"Débora","","18","9056397024","Madrid","Japan","Nepali","COMPANY","Cali","Pereira"
"Guillermina","","18","9246299753","Lugo","Malaysia","Javanese","COMPANY","Pereira","Bogotá"
"Diego","","18","9665608069","Marbella","Benin","Portuguese","COMPANY","Pereira","Cali"
"Patricio","","18","9622867147","Sagunto","United Kingdom of Great Britain and Northern Ireland","Italian","COMPANY","Medellín","Bogotá"
"Ernesto","","18","9153221548","Torrevieja","Cambodia","English","COMPANY","Cali","Bogotá"
"Josefina","Acuña","58","79919072995","Cuenta","Lesotho","Russian","PERSON","Medellín","Pereira"
